keys,en,zh_CN
EXPANSION_ECHO_LANCER_NAME,Echo Lancer,回响枪卫
EXPANSION_ECHO_LANCER_DESC,Two thrusts follow one locked warning.,锁定警告后连续刺击两次。
EXPANSION_MIRE_CANTOR_NAME,Mire Cantor,泥潭咏者
EXPANSION_MIRE_CANTOR_DESC,A mire blooms where its verse was aimed.,咏唱锁定的位置将生出泥潭。
EXPANSION_PARALLAX_GUARD_NAME,Parallax Guard,视差守卫
EXPANSION_PARALLAX_GUARD_DESC,Two rays leave a narrow passage between them.,双束射线之间留有狭窄通道。
EXPANSION_CINDER_DRAKE_NAME,Cinder Drake,余烬龙兽
EXPANSION_CINDER_DRAKE_DESC,A charging drake follows with a fan of embers.,龙兽冲锋后散射余烬。
EXPANSION_PRISM_SEER_NAME,Prism Seer,棱镜先知
EXPANSION_PRISM_SEER_DESC,Three prism rays launch in a fixed sequence.,三束棱镜射线按固定次序发射。
